LUGAR,NOMBRE,SEXO,PERSONAS REGISTRADAS,PORC,,LUGAR,NOMBRE,SEXO,PERSONAS REGISTRADAS,PORC
1,SOFIA,MUJER,"6,552",0.024911695,,1,SANTIAGO,HOMBRE,"9,963",0.028446533
2,MARIA JOSE,MUJER,"6,019",0.022885148,,2,MATEO,HOMBRE,"8,209",0.023438481
3,VALENTINA,MUJER,"5,671",0.021562,,3,SEBASTIAN,HOMBRE,"6,381",0.018219144
4,REGINA,MUJER,"5,556",0.021124752,,4,LEONARDO,HOMBRE,"5,784",0.016514579
5,CAMILA,MUJER,"5,255",0.019980305,,5,MATIAS,HOMBRE,"4,708",0.013442365
6,VALERIA,MUJER,"3,890",0.014790368,,6,EMILIANO,HOMBRE,"4,541",0.012965543
7,XIMENA,MUJER,"3,794",0.014425362,,7,DANIEL,HOMBRE,"4,133",0.011800614
8,MARIA FERNANDA,MUJER,"3,779",0.01436833,,8,GAEL,HOMBRE,"4,024",0.011489396
9,VICTORIA,MUJER,"3,622",0.013771392,,9,MIGUEL ANGEL,HOMBRE,"4,019",0.01147512
10,RENATA,MUJER,"3,495",0.013288519,,10,DIEGO,HOMBRE,"4,014",0.011460844
11,ROMINA,MUJER,"3,447",0.013106015,,11,ALEXANDER,HOMBRE,"3,644",0.010404413
12,ISABELLA,MUJER,"3,199",0.012163082,,12,ALEJANDRO,HOMBRE,"3,640",0.010392992
13,NATALIA,MUJER,"3,036",0.011543331,,13,JESUS,HOMBRE,"3,179",0.009076737
14,DANIELA,MUJER,"3,012",0.01145208,,14,ANGEL,HOMBRE,"2,928",0.008360077
15,ANA SOFIA,MUJER,"2,790",0.010608002,,15,DAVID,HOMBRE,"2,866",0.008183054
16,ALEXA,MUJER,"2,528",0.009611838,,16,TADEO,HOMBRE,"2,795",0.007980333
17,FERNANDA,MUJER,"2,515",0.00956241,,17,FERNANDO,HOMBRE,"2,676",0.007640562
18,MARIA GUADALUPE,MUJER,"2,468",0.009383709,,18,LUIS ANGEL,HOMBRE,"2,632",0.007514933
19,SAMANTHA,MUJER,"2,322",0.008828595,,19,RODRIGO,HOMBRE,"2,533",0.007232266
20,ANDREA,MUJER,"2,275",0.008649894,,20,JOSE ANGEL,HOMBRE,"2,442",0.006972441
21,AITANA,MUJER,"2,208",0.00839515,,21,MAXIMILIANO,HOMBRE,"2,411",0.00688393
22,EMILY,MUJER,"2,133",0.008109989,,22,JOSE LUIS,HOMBRE,"2,374",0.006778287
23,MELISSA,MUJER,"2,107",0.008011133,,23,GABRIEL,HOMBRE,"2,365",0.00675259
24,GUADALUPE,MUJER,"2,030",0.007718367,,24,EDUARDO,HOMBRE,"2,357",0.006729748
25,ELIZABETH,MUJER,"2,002",0.007611907,,25,EMMANUEL,HOMBRE,"2,344",0.00669263
26,MARIANA,MUJER,"1,828",0.006950332,,26,DYLAN,HOMBRE,"2,325",0.006638381
27,YAMILETH,MUJER,"1,730",0.006577722,,27,RAFAEL,HOMBRE,"2,142",0.006115876
28,DANNA SOFIA,MUJER,"1,696",0.006448449,,28,JUAN PABLO,HOMBRE,"2,080",0.005938853
29,ANA VICTORIA,MUJER,"1,644",0.006250737,,29,SAMUEL,HOMBRE,"2,066",0.00589888
30,ANA PAULA,MUJER,"1,620",0.006159485,,30,JUAN CARLOS,HOMBRE,"2,052",0.005858907
31,ALEJANDRA,MUJER,"1,581",0.006011201,,31,JOSE MANUEL,HOMBRE,"2,046",0.005841775
32,FATIMA,MUJER,"1,565",0.005950367,,32,NICOLAS,HOMBRE,"1,989",0.005679028
33,ABIGAIL,MUJER,"1,560",0.005931356,,33,ISAAC,HOMBRE,"1,972",0.005630489
34,JULIETA,MUJER,"1,543",0.005866719,,34,LEONEL,HOMBRE,"1,966",0.005613358
35,EVELYN,MUJER,"1,540",0.005855313,,35,ELIAS,HOMBRE,"1,940",0.005539122
36,ESMERALDA,MUJER,"1,407",0.005349627,,36,DAMIAN,HOMBRE,"1,899",0.005422058
37,LUCIANA,MUJER,"1,395",0.005304001,,37,LIAM,HOMBRE,"1,880",0.005367809
38,LUCIA,MUJER,"1,299",0.004938994,,38,AXEL,HOMBRE,"1,850",0.005282153
39,ESTEFANIA,MUJER,"1,260",0.004790711,,39,EMILIO,HOMBRE,"1,822",0.005202207
40,MARIA,MUJER,"1,244",0.004729876,,40,RICARDO,HOMBRE,"1,778",0.005076577
41,JIMENA,MUJER,"1,227",0.00466524,,41,ADRIAN,HOMBRE,"1,770",0.005053735
42,VANESSA,MUJER,"1,215",0.004619614,,42,JOSE MIGUEL,HOMBRE,"1,739",0.004965223
43,IVANNA,MUJER,"1,201",0.004566384,,43,JONATHAN,HOMBRE,"1,710",0.004882422
44,DAYANA,MUJER,"1,197",0.004551175,,44,CARLOS,HOMBRE,"1,689",0.004822463
45,KIMBERLY,MUJER,"1,142",0.004342057,,45,ANTONIO,HOMBRE,"1,680",0.004796766
46,ANGELA,MUJER,"1,122",0.004266014,,46,FRANCISCO,HOMBRE,"1,678",0.004791055
47,SAMARA,MUJER,"1,113",0.004231794,,47,JAVIER,HOMBRE,"1,675",0.00478249
48,CAROLINA,MUJER,"1,102",0.004189971,,48,ALEXIS,HOMBRE,"1,672",0.004773924
49,EMMA,MUJER,"1,098",0.004174762,,49,ALAN,HOMBRE,"1,657",0.004731096
50,MIRANDA,MUJER,"1,096",0.004167158,,50,MIGUEL,HOMBRE,"1,636",0.004671136
51,DULCE MARIA,MUJER,"1,053",0.004003665,,51,JOSE ANTONIO,HOMBRE,"1,576",0.004499823
52,ARIANA,MUJER,"1,041",0.003958039,,52,CRISTIAN,HOMBRE,"1,562",0.00445985
53,SOFIA GUADALUPE,MUJER,"1,029",0.003912414,,53,ANGEL GABRIEL,HOMBRE,"1,512",0.004317089
54,ALONDRA,MUJER,"1,027",0.003904809,,54,MAURICIO,HOMBRE,"1,505",0.004297103
55,ARANZA,MUJER,"1,011",0.003843975,,55,JULIAN,HOMBRE,"1,486",0.004242853
56,PAULINA,MUJER,987,0.003752723,,56,JUAN,HOMBRE,"1,478",0.004220012
57,GENESIS,MUJER,961,0.003653867,,57,AARON,HOMBRE,"1,472",0.00420288
58,AYLIN,MUJER,958,0.003642461,,58,LUIS FERNANDO,HOMBRE,"1,451",0.004142921
59,ELISA,MUJER,949,0.003608242,,59,JOSUE,HOMBRE,"1,448",0.004134355
60,SARA,MUJER,941,0.003577824,,60,PEDRO,HOMBRE,"1,429",0.004080106
61,MIA,MUJER,934,0.003551209,,61,ANDRES,HOMBRE,"1,398",0.003991594
62,REBECA,MUJER,898,0.003414332,,62,MANUEL,HOMBRE,"1,382",0.003945911
63,EMILIA,MUJER,894,0.003399123,,63,ISMAEL,HOMBRE,"1,373",0.003920214
64,GABRIELA,MUJER,889,0.003380112,,64,JUAN DIEGO,HOMBRE,"1,326",0.003786019
65,LIA,MUJER,889,0.003380112,,65,JOSE MARIA,HOMBRE,"1,298",0.003706072
66,ANA LUCIA,MUJER,887,0.003372508,,66,ABRAHAM,HOMBRE,"1,278",0.003648968
67,ITZAYANA,MUJER,864,0.003285059,,67,URIEL,HOMBRE,"1,273",0.003634692
68,ABRIL,MUJER,850,0.003231829,,68,ANGEL GAEL,HOMBRE,"1,249",0.003566167
69,MELANY,MUJER,849,0.003228026,,69,IVAN,HOMBRE,"1,219",0.00348051
70,ZOE,MUJER,845,0.003212818,,70,ALONSO,HOMBRE,"1,206",0.003443392
71,MARIA VICTORIA,MUJER,832,0.00316339,,71,OLIVER,HOMBRE,"1,198",0.003420551
72,ALISSON,MUJER,824,0.003132973,,72,GERARDO,HOMBRE,"1,190",0.003397709
73,EMMA SOFIA,MUJER,821,0.003121566,,73,ROBERTO,HOMBRE,"1,188",0.003391999
74,ELENA,MUJER,817,0.003106358,,74,IKER,HOMBRE,"1,184",0.003380578
75,MICHELLE,MUJER,813,0.003091149,,75,JORGE,HOMBRE,"1,162",0.003317763
76,MONSERRAT,MUJER,796,0.003026512,,76,ANGEL MATEO,HOMBRE,"1,137",0.003246382
77,ALLISON,MUJER,779,0.002961876,,77,JOSE,HOMBRE,"1,128",0.003220685
78,ARLETH,MUJER,779,0.002961876,,78,JUAN JOSE,HOMBRE,"1,109",0.003166436
79,NICOLE,MUJER,778,0.002958074,,79,JUAN MANUEL,HOMBRE,"1,107",0.003160726
80,MIA ISABELLA,MUJER,774,0.002942865,,80,PABLO,HOMBRE,"1,105",0.003155015
81,MARISOL,MUJER,755,0.002870624,,81,IAN,HOMBRE,"1,101",0.003143595
82,ADRIANA,MUJER,747,0.002840207,,82,ARTURO,HOMBRE,"1,081",0.00308649
83,ISABEL,MUJER,726,0.002760362,,83,ERICK,HOMBRE,"1,061",0.003029386
84,AURORA,MUJER,725,0.00275656,,84,IAN MATEO,HOMBRE,"1,045",0.002983702
85,DIANA,MUJER,713,0.002710934,,85,MARCO ANTONIO,HOMBRE,"1,044",0.002980847
86,ALISON,MUJER,712,0.002707132,,86,CARLOS DANIEL,HOMBRE,"1,043",0.002977992
87,ANA MARIA,MUJER,704,0.002676714,,87,BRAYAN,HOMBRE,"1,042",0.002975137
88,ARIADNA,MUJER,704,0.002676714,,88,ISRAEL,HOMBRE,"1,023",0.002920888
89,CATALINA,MUJER,701,0.002665308,,89,ANGEL DANIEL,HOMBRE,"1,010",0.00288377
90,LILIANA,MUJER,697,0.002650099,,90,BRUNO,HOMBRE,"1,004",0.002866638
91,PAOLA,MUJER,695,0.002642495,,91,ESTEBAN,HOMBRE,972,0.002775272
92,JUANA,MUJER,686,0.002608276,,92,ANGEL TADEO,HOMBRE,963,0.002749575
93,LUCERO,MUJER,671,0.002551243,,93,SAUL,HOMBRE,947,0.002703891
94,FRIDA SOFIA,MUJER,667,0.002536035,,94,JESUS ANTONIO,HOMBRE,933,0.002663918
95,MIA VALENTINA,MUJER,660,0.00250942,,95,OSCAR,HOMBRE,932,0.002661063
96,MIA GUADALUPE,MUJER,659,0.002505618,,96,THIAGO,HOMBRE,932,0.002661063
97,KARLA,MUJER,657,0.002498013,,97,OMAR,HOMBRE,920,0.0026268
98,ITZEL,MUJER,653,0.002482805,,98,EZEQUIEL,HOMBRE,915,0.002612524
99,NAOMI,MUJER,644,0.002448585,,99,MARTIN,HOMBRE,915,0.002612524
100,JAZMIN,MUJER,638,0.002425773,,100,GUSTAVO,HOMBRE,906,0.002586827
101,LUZ MARIA,MUJER,634,0.002410564,,101,KEVIN,HOMBRE,894,0.002552565
102,LIZBETH,MUJER,633,0.002406762,,102,SALVADOR,HOMBRE,887,0.002532578
103,ESTRELLA,MUJER,631,0.002399157,,103,ALBERTO,HOMBRE,886,0.002529723
104,ALICIA,MUJER,630,0.002395355,,104,ALFREDO,HOMBRE,882,0.002518302
105,ALEXANDRA,MUJER,629,0.002391553,,105,RAUL,HOMBRE,880,0.002512592
106,EMILY SOFIA,MUJER,623,0.00236874,,106,JESUS TADEO,HOMBRE,874,0.00249546
107,MARIA ISABEL,MUJER,613,0.002330719,,107,HECTOR,HOMBRE,866,0.002472618
108,MARIA DEL CARMEN,MUJER,611,0.002323114,,108,MOISES,HOMBRE,866,0.002472618
109,ALEXA GUADALUPE,MUJER,605,0.002300302,,109,ELIAN,HOMBRE,852,0.002432645
110,PAULA,MUJER,599,0.002277489,,110,LIAM MATEO,HOMBRE,852,0.002432645
111,YARETZI,MUJER,594,0.002258478,,111,SERGIO,HOMBRE,850,0.002426935
112,KATHERINE,MUJER,591,0.002247071,,112,ENRIQUE,HOMBRE,845,0.002412659
113,ROSA,MUJER,577,0.002193841,,113,JOSE EDUARDO,HOMBRE,843,0.002406948
114,JENNIFER,MUJER,575,0.002186237,,114,LIAM GAEL,HOMBRE,826,0.00235841
115,MELANIE,MUJER,571,0.002171028,,115,FRANCISCO JAVIER,HOMBRE,824,0.002352699
116,HANNA,MUJER,570,0.002167226,,116,JULIO CESAR,HOMBRE,809,0.002309871
117,KAILANI,MUJER,567,0.00215582,,117,BRANDON,HOMBRE,807,0.002304161
118,GRECIA,MUJER,542,0.002060766,,118,CESAR,HOMBRE,805,0.00229845
119,SOFIA VALENTINA,MUJER,531,0.002018942,,119,LIAM SANTIAGO,HOMBRE,803,0.00229274
120,YOSELIN,MUJER,530,0.00201514,,120,LUIS ANTONIO,HOMBRE,800,0.002284174
121,MARGARITA,MUJER,524,0.001992327,,121,JESUS ALEJANDRO,HOMBRE,790,0.002255622
122,JULIA,MUJER,522,0.001984723,,122,JOSE DANIEL,HOMBRE,788,0.002249911
123,DANNA PAOLA,MUJER,520,0.001977119,,123,VICTOR MANUEL,HOMBRE,784,0.002238491
124,MONTSERRAT,MUJER,520,0.001977119,,124,IAN ALEXANDER,HOMBRE,780,0.00222707
125,ANTONELLA,MUJER,516,0.00196191,,125,CALEB,HOMBRE,779,0.002224215
126,MARIA ALEJANDRA,MUJER,510,0.001939097,,126,DYLAN GAEL,HOMBRE,776,0.002215649
127,KENIA,MUJER,502,0.00190868,,127,IAN GAEL,HOMBRE,774,0.002209938
128,ROSA MARIA,MUJER,501,0.001904878,,128,MARIO,HOMBRE,774,0.002209938
129,DANNA,MUJER,500,0.001901076,,129,ANGEL SANTIAGO,HOMBRE,767,0.002189952
130,YARELI,MUJER,500,0.001901076,,130,BENJAMIN,HOMBRE,761,0.002172821
131,CONSTANZA,MUJER,498,0.001893471,,131,DILAN,HOMBRE,759,0.00216711
132,MIA SOFIA,MUJER,497,0.001889669,,132,LUIS,HOMBRE,753,0.002149979
133,VICTORIA GUADALUPE,MUJER,496,0.001885867,,133,EMANUEL,HOMBRE,751,0.002144268
134,AITANA GUADALUPE,MUJER,485,0.001844043,,134,JESUS DANIEL,HOMBRE,741,0.002115716
135,MARIA ELENA,MUJER,484,0.001840241,,135,JUAN ANTONIO,HOMBRE,741,0.002115716
136,CECILIA,MUJER,481,0.001828835,,136,ANGEL DAVID,HOMBRE,740,0.002112861
137,SARAHI,MUJER,481,0.001828835,,137,EDGAR,HOMBRE,734,0.00209573
138,ANGELICA,MUJER,476,0.001809824,,138,LIAM ALEXANDER,HOMBRE,734,0.00209573
139,AMELIA,MUJER,475,0.001806022,,139,DANTE,HOMBRE,732,0.002090019
140,EVELIN,MUJER,474,0.00180222,,140,ISAIAS,HOMBRE,732,0.002090019
141,XIMENA GUADALUPE,MUJER,471,0.001790813,,141,JESUS ADRIAN,HOMBRE,732,0.002090019
142,MIA VICTORIA,MUJER,470,0.001787011,,142,ARMANDO,HOMBRE,729,0.002081454
143,VIOLETA,MUJER,468,0.001779407,,143,FABIAN,HOMBRE,720,0.002055757
144,CAMILA GUADALUPE,MUJER,460,0.00174899,,144,ADRIEL,HOMBRE,706,0.002015784
145,MAYTE,MUJER,458,0.001741385,,145,CHRISTOPHER,HOMBRE,706,0.002015784
146,DARIANA,MUJER,452,0.001718572,,146,JOEL,HOMBRE,702,0.002004363
147,MARIA PAULA,MUJER,452,0.001718572,,147,CHRISTIAN,HOMBRE,690,0.0019701
148,BARBARA,MUJER,451,0.00171477,,148,JESUS EDUARDO,HOMBRE,686,0.001958679
149,JADE,MUJER,441,0.001676749,,149,LUIS ENRIQUE,HOMBRE,682,0.001947258
150,LIA VICTORIA,MUJER,440,0.001672947,,150,JOSE ALFREDO,HOMBRE,678,0.001935838
151,AITANA SOFIA,MUJER,437,0.00166154,,151,JOSHUA,HOMBRE,676,0.001930127
152,TANIA,MUJER,432,0.001642529,,152,JOSE JULIAN,HOMBRE,673,0.001921561
153,MARIA DE JESUS,MUJER,425,0.001615914,,153,LUIS DANIEL,HOMBRE,673,0.001921561
154,REGINA GUADALUPE,MUJER,424,0.001612112,,154,EDWIN,HOMBRE,672,0.001918706
155,TERESA,MUJER,421,0.001600706,,155,LUIS ALBERTO,HOMBRE,672,0.001918706
156,CRISTINA,MUJER,418,0.001589299,,156,ANGEL DE JESUS,HOMBRE,670,0.001912996
157,ASHLEY,MUJER,417,0.001585497,,157,ULISES,HOMBRE,660,0.001884444
158,LIA SOFIA,MUJER,416,0.001581695,,158,JOSE CARLOS,HOMBRE,648,0.001850181
159,LUISA FERNANDA,MUJER,416,0.001581695,,159,JOSE DE JESUS,HOMBRE,648,0.001850181
160,EMMA VICTORIA,MUJER,415,0.001577893,,160,MAXIMO,HOMBRE,646,0.001844471
161,MARIA REGINA,MUJER,415,0.001577893,,161,DARIO,HOMBRE,643,0.001835905
162,DANAE,MUJER,412,0.001566486,,162,GUILLERMO,HOMBRE,633,0.001807353
163,EMILY GUADALUPE,MUJER,411,0.001562684,,163,ANGEL JESUS,HOMBRE,631,0.001801642
164,MIRIAM,MUJER,411,0.001562684,,164,JOSE GUADALUPE,HOMBRE,631,0.001801642
165,DENISSE,MUJER,410,0.001558882,,165,AXEL GAEL,HOMBRE,627,0.001790221
166,ALEXA SOFIA,MUJER,409,0.00155508,,166,JESUS MANUEL,HOMBRE,617,0.001761669
167,KARLA SOFIA,MUJER,409,0.00155508,,167,VICTOR,HOMBRE,615,0.001755959
168,FRIDA,MUJER,408,0.001551278,,168,MARCOS,HOMBRE,612,0.001747393
169,YAMILET,MUJER,408,0.001551278,,169,PATRICIO,HOMBRE,612,0.001747393
170,ISABELA,MUJER,404,0.001536069,,170,VALENTIN,HOMBRE,611,0.001744538
171,NAHOMI,MUJER,403,0.001532267,,171,IAN SANTIAGO,HOMBRE,607,0.001733117
172,MONSERRATH,MUJER,402,0.001528465,,172,NOAH,HOMBRE,602,0.001718841
173,BRENDA,MUJER,397,0.001509454,,173,DYLAN MATEO,HOMBRE,598,0.00170742
174,DANIA,MUJER,397,0.001509454,,174,ANDRE,HOMBRE,595,0.001698854
175,LIA VALENTINA,MUJER,396,0.001505652,,175,JESUS GAEL,HOMBRE,595,0.001698854
176,ANA PAOLA,MUJER,395,0.00150185,,176,JESUS ALEXANDER,HOMBRE,593,0.001693144
177,MILAGROS,MUJER,394,0.001498048,,177,JORGE LUIS,HOMBRE,588,0.001678868
178,SCARLETT,MUJER,391,0.001486641,,178,ROGELIO,HOMBRE,587,0.001676013
179,NATALY,MUJER,389,0.001479037,,179,ANGEL EDUARDO,HOMBRE,584,0.001667447
180,GERALDINE,MUJER,387,0.001471433,,180,DANIEL ALEJANDRO,HOMBRE,583,0.001664592
181,RAQUEL,MUJER,387,0.001471433,,181,JOSE EMILIANO,HOMBRE,580,0.001656026
182,ANAHI,MUJER,386,0.00146763,,182,JOSE ALBERTO,HOMBRE,574,0.001638895
183,VERONICA,MUJER,381,0.00144862,,183,JOSE GAEL,HOMBRE,574,0.001638895
184,AMANDA,MUJER,379,0.001441015,,184,ABDIEL,HOMBRE,573,0.00163604
185,GISELLE,MUJER,378,0.001437213,,185,ERNESTO,HOMBRE,568,0.001621764
186,MIA FERNANDA,MUJER,375,0.001425807,,186,JOSE MATEO,HOMBRE,567,0.001618908
187,MARIEL,MUJER,374,0.001422005,,187,ALEX,HOMBRE,565,0.001613198
188,ROMINA GUADALUPE,MUJER,372,0.0014144,,188,ALVARO,HOMBRE,564,0.001610343
189,SOFIA VICTORIA,MUJER,372,0.0014144,,189,RUBEN,HOMBRE,564,0.001610343
190,MARIA LUISA,MUJER,369,0.001402994,,190,MARIANO,HOMBRE,562,0.001604632
191,NOEMI,MUJER,369,0.001402994,,191,JESUS SANTIAGO,HOMBRE,561,0.001601777
192,YAZMIN,MUJER,369,0.001402994,,192,IKER GAEL,HOMBRE,558,0.001593211
193,KARINA,MUJER,368,0.001399192,,193,MARCELO,HOMBRE,558,0.001593211
194,ARACELI,MUJER,367,0.00139539,,194,JOSE DAVID,HOMBRE,555,0.001584646
195,YULIANA,MUJER,366,0.001391587,,195,MISAEL,HOMBRE,555,0.001584646
196,VALERIA GUADALUPE,MUJER,364,0.001383983,,196,JESUS ALBERTO,HOMBRE,554,0.001581791
197,YATZIRI,MUJER,363,0.001380181,,197,JESUS EMMANUEL,HOMBRE,553,0.001578935
198,HELENA,MUJER,360,0.001368774,,198,JESUS MATEO,HOMBRE,553,0.001578935
199,PATRICIA,MUJER,357,0.001357368,,199,CRISTOPHER,HOMBRE,551,0.001573225
200,SANDRA,MUJER,354,0.001345962,,200,DYLAN ALEXANDER,HOMBRE,548,0.001564659
201,MONICA,MUJER,353,0.001342159,,201,JOSE ALEJANDRO,HOMBRE,542,0.001547528
202,MARIA SOFIA,MUJER,341,0.001296534,,202,LUIS EDUARDO,HOMBRE,533,0.001521831
203,DAFNE,MUJER,340,0.001292731,,203,SAID,HOMBRE,528,0.001507555
204,SARAI,MUJER,340,0.001292731,,204,ADAN,HOMBRE,526,0.001501844
205,JESSICA,MUJER,339,0.001288929,,205,EITHAN,HOMBRE,526,0.001501844
206,LIZETH,MUJER,339,0.001288929,,206,ZAID,HOMBRE,523,0.001493279
207,MARIA VALENTINA,MUJER,339,0.001288929,,207,JOAQUIN,HOMBRE,518,0.001479003
208,ESTHER,MUJER,334,0.001269919,,208,JOSE TADEO,HOMBRE,516,0.001473292
209,LEILANI,MUJER,334,0.001269919,,209,AGUSTIN,HOMBRE,511,0.001459016
210,MARTHA,MUJER,331,0.001258512,,210,ALFONSO,HOMBRE,504,0.00143903
211,LIA FERNANDA,MUJER,329,0.001250908,,211,JUAN DANIEL,HOMBRE,504,0.00143903
212,HANNA SOFIA,MUJER,328,0.001247106,,212,IAN TADEO,HOMBRE,500,0.001427609
213,SOFIA ALEJANDRA,MUJER,328,0.001247106,,213,YAHIR,HOMBRE,499,0.001424754
214,ARISBETH,MUJER,327,0.001243303,,214,HUGO,HOMBRE,495,0.001413333
215,ZOE VALENTINA,MUJER,327,0.001243303,,215,LIAM TADEO,HOMBRE,492,0.001404767
216,ESTEFANY,MUJER,326,0.001239501,,216,JOSE ARMANDO,HOMBRE,491,0.001401912
217,KATIA,MUJER,324,0.001231897,,217,JESUS EMILIANO,HOMBRE,489,0.001396201
218,NAYELI,MUJER,324,0.001231897,,218,DIEGO ALEJANDRO,HOMBRE,487,0.001390491
219,BELEN,MUJER,323,0.001228095,,219,LIAM DANIEL,HOMBRE,487,0.001390491
220,MIA NICOLE,MUJER,323,0.001228095,,220,MATEO ALEXANDER,HOMBRE,487,0.001390491
221,VALENTINA GUADALUPE,MUJER,322,0.001224293,,221,JOSE SANTIAGO,HOMBRE,479,0.001367649
222,AITANA VALENTINA,MUJER,320,0.001216688,,222,JOSE FRANCISCO,HOMBRE,476,0.001359084
223,MILAGROS GUADALUPE,MUJER,316,0.00120148,,223,CARLOS ALBERTO,HOMBRE,475,0.001356228
224,KAREN,MUJER,315,0.001197678,,224,CARLOS EDUARDO,HOMBRE,469,0.001339097
225,RENATA GUADALUPE,MUJER,315,0.001197678,,225,AXEL MATEO,HOMBRE,463,0.001321966
226,ANA,MUJER,313,0.001190073,,226,YAEL,HOMBRE,459,0.001310545
227,OLIVIA,MUJER,313,0.001190073,,227,IAN JESUS,HOMBRE,458,0.00130769
228,SOFIA YAMILETH,MUJER,313,0.001190073,,228,LUIS MATEO,HOMBRE,457,0.001304834
229,ANA KAREN,MUJER,312,0.001186271,,229,DYLAN JESUS,HOMBRE,456,0.001301979
230,AMAYA,MUJER,310,0.001178667,,230,IAN DANIEL,HOMBRE,455,0.001299124
231,GRETTEL,MUJER,310,0.001178667,,231,DIEGO ALEXANDER,HOMBRE,451,0.001287703
232,MARIBEL,MUJER,310,0.001178667,,232,ANTHONY,HOMBRE,450,0.001284848
233,DANNA VICTORIA,MUJER,309,0.001174865,,233,LIAM ALEJANDRO,HOMBRE,450,0.001284848
234,LETICIA,MUJER,309,0.001174865,,234,LUCAS,HOMBRE,446,0.001273427
235,SUSANA,MUJER,309,0.001174865,,235,VICENTE,HOMBRE,443,0.001264861
236,DANIELA GUADALUPE,MUJER,308,0.001171063,,236,IAN ALEJANDRO,HOMBRE,435,0.00124202
237,FABIOLA,MUJER,308,0.001171063,,237,NOE,HOMBRE,435,0.00124202
238,ANGELA SOFIA,MUJER,306,0.001163458,,238,JAIME,HOMBRE,434,0.001239164
239,ANTONIA,MUJER,306,0.001163458,,239,FELIPE,HOMBRE,432,0.001233454
240,VANIA,MUJER,306,0.001163458,,240,JACOB,HOMBRE,432,0.001233454
241,CAMILA SOFIA,MUJER,304,0.001155854,,241,LUIS DAVID,HOMBRE,432,0.001233454
242,MELISA,MUJER,304,0.001155854,,242,LIAM JESUS,HOMBRE,430,0.001227744
243,SOFIA ISABELLA,MUJER,302,0.00114825,,243,ANGEL MATIAS,HOMBRE,429,0.001224888
244,LESLY,MUJER,301,0.001144448,,244,ANGEL URIEL,HOMBRE,429,0.001224888
245,MARINA,MUJER,301,0.001144448,,245,CRISTOFER,HOMBRE,428,0.001222033
246,ALESSANDRA,MUJER,300,0.001140645,,246,DYLAN TADEO,HOMBRE,428,0.001222033
247,FATIMA GUADALUPE,MUJER,299,0.001136843,,247,GAEL ALEXANDER,HOMBRE,428,0.001222033
248,CRISTAL,MUJER,298,0.001133041,,248,LUIS ALEJANDRO,HOMBRE,428,0.001222033
249,ESPERANZA,MUJER,298,0.001133041,,249,IKER MATEO,HOMBRE,426,0.001216323
250,ALEXIA,MUJER,297,0.001129239,,250,ABEL,HOMBRE,425,0.001213467
251,ARELY,MUJER,295,0.001121635,,251,FRANCO,HOMBRE,424,0.001210612
252,KIMBERLY GUADALUPE,MUJER,295,0.001121635,,252,LEONARDO DANIEL,HOMBRE,421,0.001202047
253,LEAH,MUJER,295,0.001121635,,253,GAEL ALEJANDRO,HOMBRE,413,0.001179205
254,MARIA ISABELLA,MUJER,295,0.001121635,,254,JESUS DAVID,HOMBRE,413,0.001179205
255,SOFIA ELIZABETH,MUJER,295,0.001121635,,255,LUIS SANTIAGO,HOMBRE,412,0.00117635
256,DIANA SOFIA,MUJER,294,0.001117832,,256,IKER ALEXANDER,HOMBRE,411,0.001173494
257,FRANCISCA,MUJER,294,0.001117832,,257,MATEO ALEJANDRO,HOMBRE,411,0.001173494
258,LAURA,MUJER,293,0.00111403,,258,JAZIEL,HOMBRE,407,0.001162074
259,ROSALINDA,MUJER,293,0.00111403,,259,ELISEO,HOMBRE,401,0.001144942
260,ARANTZA,MUJER,290,0.001102624,,260,MATIAS ALEJANDRO,HOMBRE,401,0.001144942
261,IVANA,MUJER,290,0.001102624,,261,EFRAIN,HOMBRE,399,0.001139232
262,LUNA,MUJER,290,0.001102624,,262,IKER SANTIAGO,HOMBRE,397,0.001133521
263,CATALEYA,MUJER,289,0.001098822,,263,ANDER,HOMBRE,396,0.001130666
264,MELANI,MUJER,289,0.001098822,,264,AXEL DANIEL,HOMBRE,395,0.001127811
265,ANA VALERIA,MUJER,287,0.001091217,,265,ROMAN,HOMBRE,394,0.001124956
266,EMMA VALENTINA,MUJER,283,0.001076009,,266,CARLOS GAEL,HOMBRE,392,0.001119245
267,ERIKA,MUJER,283,0.001076009,,267,OSVALDO,HOMBRE,392,0.001119245
268,SOPHIA,MUJER,282,0.001072207,,268,GONZALO,HOMBRE,390,0.001113535
269,PAULETTE,MUJER,278,0.001056998,,269,JARED,HOMBRE,388,0.001107824
270,BERENICE,MUJER,275,0.001045592,,270,GILBERTO,HOMBRE,387,0.001104969
271,LIA ISABELLA,MUJER,275,0.001045592,,271,OCTAVIO,HOMBRE,387,0.001104969
272,YOLANDA,MUJER,273,0.001037987,,272,CARLOS SANTIAGO,HOMBRE,380,0.001084983
273,ANDREA GUADALUPE,MUJER,272,0.001034185,,273,DARIEL,HOMBRE,379,0.001082127
274,MARIA INES,MUJER,272,0.001034185,,274,LOGAN,HOMBRE,379,0.001082127
275,MARIAN,MUJER,272,0.001034185,,275,JUAN JESUS,HOMBRE,378,0.001079272
276,CLAUDIA,MUJER,271,0.001030383,,276,GIOVANNI,HOMBRE,377,0.001076417
277,LUNA SOFIA,MUJER,271,0.001030383,,277,LUIS MANUEL,HOMBRE,377,0.001076417
278,KEYLA,MUJER,270,0.001026581,,278,ANGEL DAMIAN,HOMBRE,376,0.001073562
279,ARIADNE,MUJER,269,0.001022779,,279,JOSE FERNANDO,HOMBRE,375,0.001070707
280,GIANNA,MUJER,269,0.001022779,,280,DANIEL ALEXANDER,HOMBRE,370,0.001056431
281,PAULA SOFIA,MUJER,268,0.001018977,,281,JOSE PABLO,HOMBRE,368,0.00105072
282,ANA LAURA,MUJER,267,0.001015174,,282,CARLOS MANUEL,HOMBRE,366,0.00104501
283,MARIA BELEN,MUJER,266,0.001011372,,283,ALAN GAEL,HOMBRE,363,0.001036444
284,KEILY,MUJER,265,0.00100757,,284,ANGEL ANTONIO,HOMBRE,362,0.001033589
285,MANUELA,MUJER,264,0.001003768,,285,EMIR,HOMBRE,361,0.001030734
286,HANNAH,MUJER,263,0.000999966,,286,JUAN ANGEL,HOMBRE,361,0.001030734
287,RUBI,MUJER,261,0.000992361,,287,ALDO,HOMBRE,358,0.001022168
288,ITZEL GUADALUPE,MUJER,260,0.000988559,,288,ISAI,HOMBRE,357,0.001019313
289,LUCIA FERNANDA,MUJER,260,0.000988559,,289,JOSE LEONARDO,HOMBRE,355,0.001013602
290,MARIELA,MUJER,260,0.000988559,,290,DAVID ALEJANDRO,HOMBRE,354,0.001010747
291,WENDY,MUJER,256,0.000973351,,291,IKER DANIEL,HOMBRE,353,0.001007892
292,AYLIN GUADALUPE,MUJER,255,0.000969549,,292,CRISTOBAL,HOMBRE,348,0.000993616
293,CELESTE,MUJER,255,0.000969549,,293,ALAN MATEO,HOMBRE,347,0.000990761
294,ROXANA,MUJER,254,0.000965746,,294,JOHAN,HOMBRE,347,0.000990761
295,AMAIA,MUJER,253,0.000961944,,295,LUIS GERARDO,HOMBRE,345,0.00098505
296,ANGELA GUADALUPE,MUJER,253,0.000961944,,296,ELIEL,HOMBRE,344,0.000982195
297,MICAELA,MUJER,251,0.00095434,,297,ANGEL MANUEL,HOMBRE,343,0.00097934
298,NATHALIA,MUJER,251,0.00095434,,298,JOSE JUAN,HOMBRE,340,0.000970774
299,GLORIA,MUJER,249,0.000946736,,299,CARLOS MATEO,HOMBRE,339,0.000967919
300,JACQUELINE,MUJER,249,0.000946736,,300,JESUS GABRIEL,HOMBRE,339,0.000967919
301,VANESA,MUJER,249,0.000946736,,301,JOSE MATIAS,HOMBRE,338,0.000965064
302,LUZ ELENA,MUJER,248,0.000942934,,302,LORENZO,HOMBRE,338,0.000965064
303,MARCELA,MUJER,248,0.000942934,,303,LUIS GAEL,HOMBRE,336,0.000959353
304,LESLIE,MUJER,247,0.000939131,,304,ORLANDO,HOMBRE,335,0.000956498
305,AMAIRANY,MUJER,245,0.000931527,,305,DIEGO ARMANDO,HOMBRE,333,0.000950787
306,EVA,MUJER,245,0.000931527,,306,DYLAN ALEJANDRO,HOMBRE,333,0.000950787
307,LIA GUADALUPE,MUJER,244,0.000927725,,307,DYLAN SANTIAGO,HOMBRE,333,0.000950787
308,MELINA,MUJER,243,0.000923923,,308,JOSE ALEXANDER,HOMBRE,333,0.000950787
309,ALEXA VALENTINA,MUJER,242,0.000920121,,309,ANGEL SEBASTIAN,HOMBRE,330,0.000942222
310,ALINA,MUJER,242,0.000920121,,310,JULIO,HOMBRE,330,0.000942222
311,DAYANA GUADALUPE,MUJER,241,0.000916318,,311,JUAN LUIS,HOMBRE,329,0.000939367
312,MARLEN,MUJER,241,0.000916318,,312,SANTIAGO GAEL,HOMBRE,327,0.000933656
313,JAQUELINE,MUJER,238,0.000904912,,313,WILLIAM,HOMBRE,326,0.000930801
314,CARMEN,MUJER,236,0.000897308,,314,ETHAN,HOMBRE,325,0.000927946
315,CITLALI,MUJER,236,0.000897308,,315,LIAM EDUARDO,HOMBRE,325,0.000927946
316,KENDRA,MUJER,233,0.000885901,,316,ERICK DANIEL,HOMBRE,324,0.000925091
317,JOHANA,MUJER,232,0.000882099,,317,ARIEL,HOMBRE,322,0.00091938
318,MEREDITH,MUJER,231,0.000878297,,318,JUAN DAVID,HOMBRE,322,0.00091938
319,YESENIA,MUJER,231,0.000878297,,319,TADEO DE JESUS,HOMBRE,322,0.00091938
320,FERNANDA GUADALUPE,MUJER,230,0.000874495,,320,ERIK,HOMBRE,319,0.000910814
321,FERNANDA SOFIA,MUJER,229,0.000870693,,321,RODOLFO,HOMBRE,314,0.000896538
322,INES,MUJER,229,0.000870693,,322,ANGEL ADRIAN,HOMBRE,313,0.000893683
323,KARIME,MUJER,227,0.000863088,,323,RAMIRO,HOMBRE,312,0.000890828
324,MARITZA,MUJER,226,0.000859286,,324,LUCA,HOMBRE,308,0.000879407
325,NANCY,MUJER,226,0.000859286,,325,YAIR,HOMBRE,308,0.000879407
326,XIOMARA,MUJER,226,0.000859286,,326,JOSE EMILIO,HOMBRE,307,0.000876552
327,DALIA,MUJER,225,0.000855484,,327,EVAN,HOMBRE,305,0.000870841
328,EMILY VALENTINA,MUJER,225,0.000855484,,328,LUIS TADEO,HOMBRE,305,0.000870841
329,MADISON,MUJER,225,0.000855484,,329,MARIO ALBERTO,HOMBRE,305,0.000870841
330,PERLA,MUJER,225,0.000855484,,330,ANGEL EMMANUEL,HOMBRE,304,0.000867986
331,ESTRELLA GUADALUPE,MUJER,224,0.000851682,,331,MATEO DE JESUS,HOMBRE,304,0.000867986
332,TAMARA,MUJER,224,0.000851682,,332,JOSE DAMIAN,HOMBRE,303,0.000865131
333,LEILANY,MUJER,223,0.00084788,,333,DIEGO GAEL,HOMBRE,302,0.000862276
334,MARIA TERESA,MUJER,223,0.00084788,,334,MATHIAS,HOMBRE,302,0.000862276
335,NATALIA GUADALUPE,MUJER,222,0.000844078,,335,JOSE EMMANUEL,HOMBRE,301,0.000859421
336,ZOE GUADALUPE,MUJER,222,0.000844078,,336,JUAN FRANCISCO,HOMBRE,301,0.000859421
337,RENATA VALENTINA,MUJER,219,0.000832671,,337,CARLOS TADEO,HOMBRE,300,0.000856565
338,REYNA,MUJER,219,0.000832671,,338,JOSE ADRIAN,HOMBRE,300,0.000856565
339,ROSARIO,MUJER,219,0.000832671,,339,ANGEL LEONARDO,HOMBRE,297,0.000848
340,RUTH,MUJER,219,0.000832671,,340,SANTIAGO DE JESUS,HOMBRE,297,0.000848
341,MARIA DEL ROSARIO,MUJER,218,0.000828869,,341,CARLOS ANTONIO,HOMBRE,296,0.000845144
342,MARIA RENATA,MUJER,218,0.000828869,,342,JUAN DE DIOS,HOMBRE,296,0.000845144
343,ANGELA VICTORIA,MUJER,217,0.000825067,,343,LUIS MIGUEL,HOMBRE,295,0.000842289
344,BRIANA,MUJER,216,0.000821265,,344,MAURO,HOMBRE,293,0.000836579
345,MAGALY,MUJER,214,0.00081366,,345,ANGEL EMILIANO,HOMBRE,292,0.000833724
346,YAMILETH GUADALUPE,MUJER,213,0.000809858,,346,CAMILO,HOMBRE,292,0.000833724
347,LUISA,MUJER,212,0.000806056,,347,JORGE ALBERTO,HOMBRE,292,0.000833724
348,SARAH,MUJER,212,0.000806056,,348,JOSE GABRIEL,HOMBRE,292,0.000833724
349,ALICE,MUJER,210,0.000798452,,349,AXEL TADEO,HOMBRE,291,0.000830868
350,LORENA,MUJER,210,0.000798452,,350,ANGEL ALEXANDER,HOMBRE,289,0.000825158
351,MAITE,MUJER,210,0.000798452,,351,IGNACIO,HOMBRE,289,0.000825158
352,VALERY,MUJER,209,0.00079465,,352,LIAM SEBASTIAN,HOMBRE,289,0.000825158
353,EMMA LUCIA,MUJER,208,0.000790847,,353,CARLOS DAMIAN,HOMBRE,288,0.000822303
354,MELODY,MUJER,208,0.000790847,,354,VICTOR HUGO,HOMBRE,285,0.000813737
355,NICOL,MUJER,208,0.000790847,,355,IKER TADEO,HOMBRE,283,0.000808027
356,ROCIO,MUJER,208,0.000790847,,356,RAMON,HOMBRE,283,0.000808027
357,HANNIA,MUJER,207,0.000787045,,357,HUMBERTO,HOMBRE,281,0.000802316
358,IRENE,MUJER,206,0.000783243,,358,BERNARDO,HOMBRE,280,0.000799461
359,ANA LUISA,MUJER,205,0.000779441,,359,MIGUEL ALEJANDRO,HOMBRE,279,0.000796606
360,EVELYN GUADALUPE,MUJER,205,0.000779441,,360,ELEAZAR,HOMBRE,278,0.00079375
361,JOSEFINA,MUJER,205,0.000779441,,361,ALAN DANIEL,HOMBRE,274,0.00078233
362,ARLET,MUJER,203,0.000771837,,362,CRISTIAN GAEL,HOMBRE,272,0.000776619
363,EMILY VICTORIA,MUJER,203,0.000771837,,363,CARLOS DAVID,HOMBRE,271,0.000773764
364,MARIA EMILIA,MUJER,202,0.000768035,,364,TOMAS,HOMBRE,271,0.000773764
365,DANNA VALERIA,MUJER,201,0.000764232,,365,CARLOS ADRIAN,HOMBRE,270,0.000770909
366,GALILEA,MUJER,201,0.000764232,,366,LUIS ADRIAN,HOMBRE,269,0.000768054
367,MIA ELIZABETH,MUJER,201,0.000764232,,367,DILAN GAEL,HOMBRE,267,0.000762343
368,PALOMA,MUJER,201,0.000764232,,368,LUIS CARLOS,HOMBRE,267,0.000762343
369,DAMARIS,MUJER,200,0.00076043,,369,RIGOBERTO,HOMBRE,267,0.000762343
370,DANIELA SOFIA,MUJER,200,0.00076043,,370,MATEO SEBASTIAN,HOMBRE,264,0.000753777
371,MARLENE,MUJER,200,0.00076043,,371,DANILO,HOMBRE,261,0.000745212
372,MIA ALEJANDRA,MUJER,199,0.000756628,,372,DEREK,HOMBRE,261,0.000745212
373,AMAIRANI,MUJER,198,0.000752826,,373,GERMAN,HOMBRE,261,0.000745212
374,AMALIA,MUJER,197,0.000749024,,374,ADOLFO,HOMBRE,260,0.000742357
375,JULIANA,MUJER,197,0.000749024,,375,LEANDRO,HOMBRE,260,0.000742357
376,RENATA SOFIA,MUJER,197,0.000749024,,376,JESUS MIGUEL,HOMBRE,259,0.000739501
377,SOFIA FERNANDA,MUJER,197,0.000749024,,377,JESUS SEBASTIAN,HOMBRE,255,0.00072808
378,ALEXA YAMILETH,MUJER,196,0.000745222,,378,LUIS ALEXANDER,HOMBRE,255,0.00072808
379,BEATRIZ,MUJER,196,0.000745222,,379,JESUS GUADALUPE,HOMBRE,254,0.000725225
380,KARLA GUADALUPE,MUJER,196,0.000745222,,380,LEO,HOMBRE,254,0.000725225
381,MARICRUZ,MUJER,195,0.000741419,,381,SANTIAGO ALEXANDER,HOMBRE,254,0.000725225
382,ARIZBETH,MUJER,194,0.000737617,,382,ANGEL IVAN,HOMBRE,253,0.00072237
383,YARITZA,MUJER,194,0.000737617,,383,BRAULIO,HOMBRE,253,0.00072237
384,ARELI,MUJER,193,0.000733815,,384,ELIAN GAEL,HOMBRE,253,0.00072237
385,ARIANNA,MUJER,193,0.000733815,,385,LIAM GABRIEL,HOMBRE,253,0.00072237
386,JUDITH,MUJER,193,0.000733815,,386,LIAM ZAID,HOMBRE,253,0.00072237
387,MARIA ELIZABETH,MUJER,193,0.000733815,,387,RENE,HOMBRE,252,0.000719515
388,MELANY GUADALUPE,MUJER,193,0.000733815,,388,SANTIAGO DANIEL,HOMBRE,252,0.000719515
389,CARLA,MUJER,192,0.000730013,,389,DYLAN ALEXIS,HOMBRE,251,0.00071666
390,STEPHANIE,MUJER,192,0.000730013,,390,GABRIEL ALEJANDRO,HOMBRE,251,0.00071666
391,ALEXA FERNANDA,MUJER,190,0.000722409,,391,LIAM DAVID,HOMBRE,251,0.00071666
392,BELINDA,MUJER,189,0.000718607,,392,LUCIANO,HOMBRE,251,0.00071666
393,MAGALI,MUJER,189,0.000718607,,393,MANUEL ALEJANDRO,HOMBRE,251,0.00071666
394,MARICELA,MUJER,189,0.000718607,,394,ANGEL ALBERTO,HOMBRE,250,0.000713804
395,ANGELINA,MUJER,188,0.000714804,,395,JESUS ENRIQUE,HOMBRE,250,0.000713804
396,LIA RENATA,MUJER,188,0.000714804,,396,IAN EDUARDO,HOMBRE,249,0.000710949
397,MARIA DE LOS ANGELES,MUJER,188,0.000714804,,397,EDER,HOMBRE,248,0.000708094
398,MARIA MAGDALENA,MUJER,188,0.000714804,,398,ERICK ALEXANDER,HOMBRE,244,0.000696673
399,SILVIA,MUJER,188,0.000714804,,399,JAVIER ALEJANDRO,HOMBRE,243,0.000693818
400,SOFIA ABIGAIL,MUJER,187,0.000711002,,400,JOSE ENRIQUE,HOMBRE,243,0.000693818
401,SOFIA NICOLE,MUJER,187,0.000711002,,401,MATIAS ALEXANDER,HOMBRE,242,0.000690963
402,DANNA GUADALUPE,MUJER,186,0.0007072,,402,ANGEL ALEJANDRO,HOMBRE,241,0.000688107
403,ARIANA GUADALUPE,MUJER,185,0.000703398,,403,ANGEL ALEXIS,HOMBRE,241,0.000688107
404,MAGDALENA,MUJER,185,0.000703398,,404,IAN ALEXIS,HOMBRE,241,0.000688107
405,MARTINA,MUJER,185,0.000703398,,405,IKER JESUS,HOMBRE,241,0.000688107
406,ANDREA SOFIA,MUJER,184,0.000699596,,406,JERONIMO,HOMBRE,241,0.000688107
407,EDITH,MUJER,184,0.000699596,,407,JUAN MATEO,HOMBRE,240,0.000685252
408,ANA CRISTINA,MUJER,183,0.000695794,,408,DYLAN EDUARDO,HOMBRE,239,0.000682397
409,GRISELDA,MUJER,183,0.000695794,,409,ALAN SANTIAGO,HOMBRE,238,0.000679542
410,MAYRA,MUJER,183,0.000695794,,410,JORGE ANTONIO,HOMBRE,238,0.000679542
411,ANA REGINA,MUJER,182,0.000691992,,411,JESUS DAMIAN,HOMBRE,237,0.000676687
412,ROSA ISELA,MUJER,182,0.000691992,,412,JESUS IVAN,HOMBRE,237,0.000676687
413,VICTORIA ELIZABETH,MUJER,182,0.000691992,,413,JOSE ANDRES,HOMBRE,236,0.000673831
414,SOFIA MICHELLE,MUJER,180,0.000684387,,414,LUCCA,HOMBRE,236,0.000673831
415,VIRGINIA,MUJER,180,0.000684387,,415,DIEGO ALBERTO,HOMBRE,235,0.000670976
416,ANA BRENDA,MUJER,179,0.000680585,,416,ERICK SANTIAGO,HOMBRE,235,0.000670976
417,EVELYN SOFIA,MUJER,179,0.000680585,,417,LUIS ARMANDO,HOMBRE,235,0.000670976
418,SHERLYN,MUJER,179,0.000680585,,418,AXEL SANTIAGO,HOMBRE,234,0.000668121
419,ANA FERNANDA,MUJER,178,0.000676783,,419,JORGE ALEJANDRO,HOMBRE,234,0.000668121
420,PAMELA,MUJER,178,0.000676783,,420,LIAM EMILIANO,HOMBRE,234,0.000668121
421,SAMANTA,MUJER,178,0.000676783,,421,PABLO EMILIO,HOMBRE,234,0.000668121
422,ALEXA NICOLE,MUJER,176,0.000669179,,422,DAMIAN ALEJANDRO,HOMBRE,233,0.000665266
423,AMBAR,MUJER,176,0.000669179,,423,JESUS ALEXIS,HOMBRE,232,0.00066241
424,SAMADHI,MUJER,176,0.000669179,,424,IAN DAVID,HOMBRE,230,0.0006567
425,AILYN,MUJER,175,0.000665376,,425,IAN GABRIEL,HOMBRE,230,0.0006567
426,ASTRID,MUJER,175,0.000665376,,426,LIAN,HOMBRE,230,0.0006567
427,GEORGINA,MUJER,174,0.000661574,,427,JOSE ROBERTO,HOMBRE,229,0.000653845
428,MIA YAMILETH,MUJER,174,0.000661574,,428,ALAN TADEO,HOMBRE,228,0.00065099
429,SAMANTHA GUADALUPE,MUJER,174,0.000661574,,429,JEREMIAS,HOMBRE,228,0.00065099
430,AINHOA,MUJER,173,0.000657772,,430,JESUS ARMANDO,HOMBRE,227,0.000648134
,,,"263,009",1,,,,,"350,236",1
Fuente: INEGI 2021.,,,,,,,,,,
